frame,rect_id,x,y,w,h
0,0,406,57,452,615
0,1,917,0,363,686
0,2,0,0,375,657
1,0,403,55,453,618
1,1,914,0,366,688
1,2,0,0,372,658
2,0,401,56,453,616
2,1,915,0,365,687
2,2,0,0,371,655
3,0,401,54,451,616
3,1,915,0,365,685
3,2,0,0,371,653
4,0,398,51,453,619
4,1,913,0,367,685
4,2,0,0,369,652
5,0,398,52,452,616
5,1,912,0,368,683
5,2,0,0,367,651
6,0,396,50,452,617
6,1,912,0,368,681
6,2,0,0,366,650
7,0,395,46,451,620
7,1,910,0,370,680
7,2,0,0,358,649
8,0,393,45,452,619
8,1,908,0,372,678
8,2,0,0,362,648
9,0,391,43,451,619
9,1,907,0,373,676
9,2,0,0,360,647
10,0,389,43,452,618
10,1,905,0,375,675
10,2,0,0,351,646
11,0,387,43,451,617
11,1,904,0,376,674
11,2,0,0,357,645
12,0,386,41,450,618
12,1,902,0,378,673
12,2,0,0,355,644
13,0,384,38,451,620
13,1,900,0,380,672
13,2,0,0,353,644
14,0,383,37,450,620
14,1,899,0,381,670
14,2,0,0,351,642
15,0,381,38,450,618
15,1,898,0,382,669
15,2,0,0,350,641
16,0,380,35,450,620
16,1,897,0,383,669
16,2,0,0,349,640
17,0,379,34,450,619
17,1,896,0,384,667
17,2,0,0,347,639
18,0,378,33,450,619
18,1,895,0,385,665
18,2,0,0,345,638
19,0,377,31,451,621
19,1,894,0,386,665
19,2,0,0,345,638
20,0,377,32,450,618
20,1,894,0,386,664
20,2,0,0,344,637
21,0,376,29,450,620
21,1,893,0,387,662
21,2,0,0,343,635
22,0,375,28,450,620
22,1,892,0,388,662
22,2,0,0,342,635
23,0,375,27,449,620
23,1,892,0,388,660
23,2,0,0,341,634
24,0,374,26,450,621
24,1,891,0,389,659
24,2,0,0,340,634
25,0,374,25,449,621
25,1,890,0,390,658
25,2,0,0,339,633
26,0,373,25,449,620
26,1,890,0,390,658
26,2,0,0,339,632
27,0,372,25,450,619
27,1,889,0,391,657
27,2,0,0,338,632
28,0,372,25,449,618
28,1,889,0,391,656
28,2,0,0,337,631
29,0,371,23,449,620
29,1,888,0,392,655
29,2,0,0,336,632
30,0,371,24,449,618
30,1,888,0,392,655
30,2,0,0,336,631
31,0,371,23,449,619
31,1,886,0,394,654
31,2,0,0,334,631
32,0,370,24,449,618
32,1,886,0,394,654
32,2,0,0,334,632
33,0,370,25,449,618
33,1,886,0,394,656
33,2,0,0,334,633
34,0,369,24,450,620
34,1,884,0,396,656
34,2,0,0,334,634
35,0,369,27,450,617
35,1,884,0,396,656
35,2,0,0,333,635
36,0,369,27,449,618
36,1,883,0,397,657
36,2,0,0,333,636
37,0,368,29,450,617
37,1,882,0,398,658
37,2,0,0,333,637
38,0,368,30,450,617
38,1,882,0,398,659
38,2,0,0,332,638
39,0,367,31,451,617
39,1,881,0,399,660
39,2,0,0,334,639
40,0,367,33,451,617
40,1,880,0,400,661
40,2,0,0,332,641
41,0,367,34,450,617
41,1,880,0,400,663
41,2,0,0,331,642
42,0,366,34,451,618
42,1,879,0,401,664
42,2,0,0,333,644
43,0,366,35,451,618
43,1,878,0,402,665
43,2,0,0,332,646
44,0,365,37,452,618
44,1,877,0,403,667
44,2,0,0,331,647
45,0,365,39,452,617
45,1,877,0,403,668
45,2,0,0,332,648
46,0,365,40,452,618
46,1,876,0,404,669
46,2,0,0,331,650
47,0,365,42,452,617
47,1,876,0,404,669
47,2,0,0,331,651
48,0,365,43,451,616
48,1,875,0,405,671
48,2,0,0,334,652
49,0,364,44,452,617
49,1,875,0,405,672
49,2,0,0,331,654
50,0,365,47,451,614
50,1,875,0,405,672
50,2,0,0,331,654
51,0,364,49,452,614
51,1,874,0,406,674
51,2,0,0,331,656
52,0,364,49,452,615
52,1,874,0,406,676
52,2,0,0,331,657
53,0,364,50,452,615
53,1,873,0,407,677
53,2,0,0,331,658
54,0,364,50,453,616
54,1,872,0,408,678
54,2,0,0,334,659
55,0,364,51,453,616
55,1,872,0,408,678
55,2,0,0,332,659
56,0,364,52,453,615
56,1,872,0,408,678
56,2,0,0,332,660
57,0,364,53,452,614
57,1,872,0,408,678
57,2,0,0,334,660
58,0,365,54,452,614
58,1,872,0,408,679
58,2,0,0,332,661
59,0,365,55,451,613
59,1,872,0,408,679
59,2,0,0,333,661
60,0,365,55,451,614
60,1,872,0,408,680
60,2,0,0,335,661
61,0,365,56,452,613
61,1,872,0,408,680
61,2,0,0,333,662
62,0,366,56,451,612
62,1,872,0,408,680
62,2,0,0,334,661
63,0,366,58,451,611
63,1,872,0,408,680
63,2,0,0,334,662
64,0,366,58,451,611
64,1,872,0,408,680
64,2,0,0,335,662
65,0,367,58,450,611
65,1,872,0,408,680
65,2,0,0,335,662
66,0,368,59,450,610
66,1,872,0,408,680
66,2,0,0,338,662
67,0,368,59,450,610
67,1,872,0,408,680
67,2,0,0,336,662
68,0,369,60,448,609
68,1,872,0,408,680
68,2,0,0,337,662
69,0,368,61,450,609
69,1,872,0,408,681
69,2,0,0,337,662
70,0,369,61,450,609
70,1,873,0,407,681
70,2,0,0,338,663
71,0,370,62,449,607
71,1,873,0,407,681
71,2,0,0,339,662
72,0,371,63,448,607
72,1,873,0,407,682
72,2,0,0,340,663
73,0,371,63,448,607
73,1,0,1,339,662
73,2,873,0,407,681
74,0,372,63,447,607
74,1,0,1,341,661
74,2,873,0,407,681
75,0,373,63,447,607
75,1,0,1,347,662
75,2,873,0,407,682
76,0,373,64,447,606
76,1,0,2,341,660
76,2,873,0,407,681
77,0,374,64,446,606
77,1,0,3,344,659
77,2,874,0,406,681
78,0,374,65,446,605
78,1,0,3,343,659
78,2,874,0,406,681
79,0,375,65,446,605
79,1,0,3,350,659
79,2,874,0,406,681
80,0,375,66,446,604
80,1,0,5,345,658
80,2,875,0,405,682
81,0,376,66,445,604
81,1,0,4,345,658
81,2,875,2,405,680
82,0,377,66,445,604
82,1,0,5,352,657
82,2,876,1,404,680
83,0,378,67,444,603
83,1,0,5,348,657
83,2,876,0,404,682
84,0,378,68,445,602
84,1,0,6,349,656
84,2,876,1,404,681
85,0,378,67,445,603
85,1,0,6,348,656
85,2,877,2,403,679
86,0,379,67,444,603
86,1,0,6,348,655
86,2,878,1,402,680
87,0,380,68,444,602
87,1,0,6,349,655
87,2,878,0,402,682
88,0,380,68,444,602
88,1,0,6,349,655
88,2,879,0,401,682
89,0,381,67,443,602
89,1,0,6,350,654
89,2,879,0,401,681
90,0,381,66,443,602
90,1,0,4,357,655
90,2,879,0,401,680
91,0,381,66,444,602
91,1,0,5,351,654
91,2,880,0,400,680
92,0,382,65,442,603
92,1,0,4,358,654
92,2,880,0,400,679
93,0,382,65,443,602
93,1,0,4,358,653
93,2,881,0,399,679
94,0,382,65,443,601
94,1,0,4,351,653
94,2,881,0,399,678
95,0,383,64,442,602
95,1,0,3,352,653
95,2,881,0,399,678
96,0,383,65,442,600
96,1,0,2,352,653
96,2,882,0,398,677
97,0,383,64,442,601
97,1,0,2,352,653
97,2,882,0,398,676
98,0,384,63,441,600
98,1,0,1,353,653
98,2,883,0,397,676
99,0,383,61,443,602
99,1,883,0,397,676
99,2,0,0,353,653
100,0,384,60,442,602
100,1,884,0,396,675
100,2,0,0,353,652
101,0,385,58,441,604
101,1,885,0,395,673
101,2,0,0,353,650
102,0,385,57,442,604
102,1,885,0,395,673
102,2,0,0,354,650
103,0,385,56,442,604
103,1,886,0,394,672
103,2,0,0,354,649
104,0,387,55,441,604
104,1,887,0,393,672
104,2,0,0,356,648
105,0,387,54,442,605
105,1,888,0,392,671
105,2,0,0,354,647
106,0,387,54,442,604
106,1,889,0,391,670
106,2,0,0,349,646
107,0,388,53,442,604
107,1,889,0,391,670
107,2,0,0,356,646
108,0,390,52,442,604
108,1,891,0,389,669
108,2,0,0,351,645
109,0,392,52,442,604
109,1,894,0,386,669
109,2,0,0,359,644
110,0,393,54,441,601
110,1,895,0,385,668
110,2,0,0,360,643
111,0,393,52,442,603
111,1,895,0,385,668
111,2,0,0,360,643
112,0,393,49,442,605
112,1,896,0,384,667
112,2,0,0,360,641
113,0,395,50,442,603
113,1,898,0,382,666
113,2,0,0,362,641
114,0,395,48,443,604
114,1,899,0,381,665
114,2,0,0,356,639
115,0,396,47,443,604
115,1,900,24,380,640
115,2,0,0,353,639
116,0,396,45,442,605
116,1,898,0,382,662
116,2,0,0,362,638
117,0,396,45,441,604
117,1,898,0,382,661
117,2,0,0,361,637
118,0,396,45,442,603
118,1,897,0,383,661
118,2,0,0,360,637
119,0,396,44,441,604
119,1,896,0,384,659
119,2,0,0,360,637
120,0,396,44,441,603
120,1,896,0,384,659
120,2,0,0,358,636
121,0,395,43,442,604
121,1,895,0,385,659
121,2,0,0,358,637
122,0,395,43,442,604
122,1,895,0,385,659
122,2,0,0,358,637
123,0,395,41,442,606
123,1,894,0,386,659
123,2,0,0,357,638
124,0,396,42,442,605
124,1,896,20,384,639
124,2,0,0,357,638
125,0,396,42,442,605
125,1,895,5,385,654
125,2,0,0,357,638
126,0,396,41,443,607
126,1,896,0,384,660
126,2,0,0,357,638
127,0,398,41,442,607
127,1,897,15,383,644
127,2,0,0,358,639
128,0,399,42,442,606
128,1,899,20,381,640
128,2,0,0,360,638
129,0,400,41,443,608
129,1,900,20,380,641
129,2,0,0,354,639
130,0,401,41,444,608
130,1,901,23,379,639
130,2,0,0,362,640
131,0,905,60,375,602
131,1,403,41,443,608
131,2,0,0,363,639
132,0,404,41,444,610
132,1,903,0,377,663
132,2,0,0,366,639
133,0,908,60,372,604
133,1,406,41,444,610
133,2,0,0,367,639
134,0,911,95,369,569
134,1,407,41,444,610
134,2,0,0,368,639
135,0,911,82,369,583
135,1,408,39,445,613
135,2,0,0,370,639
136,0,913,61,367,605
136,1,410,41,444,611
136,2,0,0,372,639
137,0,914,59,366,607
137,1,412,41,444,611
137,2,0,0,375,638
138,0,916,53,364,614
138,1,413,40,445,613
138,2,0,0,375,638
139,0,919,81,361,587
139,1,415,40,443,613
139,2,0,0,377,638
140,0,921,87,359,581
140,1,417,40,443,613
140,2,0,0,379,636
141,0,924,139,356,530
141,1,417,39,443,614
141,2,0,0,380,636
142,0,923,133,357,536
142,1,417,41,443,612
142,2,0,0,380,636
143,0,921,80,359,589
143,1,417,41,442,612
143,2,0,0,381,636
144,0,921,86,359,583
144,1,416,35,443,618
144,2,0,0,381,636
145,0,924,119,356,550
145,1,416,43,443,610
145,2,0,5,381,631
146,0,921,80,359,589
146,1,416,34,443,619
146,2,0,0,381,635
147,0,922,105,358,564
147,1,416,33,443,620
147,2,0,0,381,636
148,0,924,127,356,542
148,1,416,36,443,617
148,2,0,0,379,635
149,0,923,121,357,547
149,1,416,31,443,622
149,2,1,0,378,635
150,0,923,131,357,538
150,1,415,30,444,623
150,2,0,0,378,635
151,0,923,147,357,521
151,1,414,36,444,616
151,2,0,0,374,636
152,0,921,125,359,543
152,1,413,33,445,620
152,2,0,0,377,636
153,0,922,133,358,535
153,1,412,32,445,621
153,2,0,0,375,637
154,0,921,146,359,521
154,1,411,34,445,619
154,2,0,0,374,638
155,0,918,124,362,544
155,1,409,32,447,622
155,2,0,0,372,638
156,0,918,134,362,535
156,1,407,31,448,623
156,2,0,0,371,640
157,0,915,103,365,567
157,1,406,32,448,623
157,2,0,0,370,641
158,0,914,111,366,560
158,1,405,33,448,624
158,2,0,0,370,644
159,0,913,123,367,550
159,1,403,34,449,625
159,2,0,0,366,645
160,0,912,132,368,541
160,1,401,34,450,625
160,2,0,0,364,647
161,0,910,125,370,549
161,1,400,37,449,623
161,2,0,1,365,646
162,0,909,133,371,541
162,1,398,37,451,624
162,2,0,1,361,648
163,0,909,136,371,539
163,1,397,34,451,627
163,2,0,0,360,649
164,0,907,133,373,542
164,1,396,34,451,628
164,2,0,0,358,650
165,0,907,144,373,532
165,1,394,29,454,634
165,2,0,1,356,651
166,0,906,145,374,532
166,1,393,33,454,631
166,2,0,2,355,650
167,0,906,134,374,544
167,1,393,33,454,631
167,2,0,2,354,651
168,0,938,31,342,582
168,1,392,29,455,637
168,2,0,2,352,652
169,0,906,141,374,540
169,1,391,28,457,639
169,2,0,2,354,653
170,0,905,124,375,558
170,1,391,29,456,639
170,2,0,2,354,654
171,0,906,133,374,551
171,1,391,33,458,637
171,2,0,3,353,654
172,0,907,129,373,556
172,1,391,37,458,633
172,2,0,5,354,653
173,0,907,132,373,555
173,1,391,35,459,637
173,2,0,6,357,653
174,0,908,132,372,556
174,1,391,35,460,639
174,2,0,7,354,654
175,0,907,133,373,557
175,1,391,39,459,636
175,2,0,8,356,654
176,0,908,142,372,548
176,1,391,36,459,639
176,2,0,9,356,653
177,0,390,31,460,646
177,1,939,29,341,594
177,2,0,9,356,654
178,0,391,32,458,645
178,1,942,29,338,595
178,2,0,10,353,653
179,0,906,141,374,552
179,1,390,32,459,646
179,2,0,11,356,653
180,0,936,29,344,597
180,1,388,29,460,650
180,2,0,12,354,653
181,0,388,33,459,646
181,1,935,32,345,594
181,2,0,14,356,652
182,0,902,119,378,578
182,1,387,31,460,651
182,2,0,15,356,653
183,0,903,148,377,551
183,1,386,35,461,649
183,2,0,17,354,653
184,0,386,43,461,643
184,1,933,34,347,597
184,2,0,20,351,652
185,0,901,150,379,554
185,1,384,39,462,649
185,2,0,21,351,653
186,0,384,36,462,653
186,1,932,34,348,601
186,2,0,22,350,653
187,0,933,48,347,588
187,1,383,40,462,651
187,2,0,24,350,652
188,0,900,160,380,548
188,1,382,38,463,654
188,2,0,25,349,651
189,0,930,47,350,591
189,1,382,38,463,655
189,2,0,26,351,651
190,0,900,151,380,559
190,1,382,38,470,656
190,2,0,27,354,650
191,0,902,161,378,551
191,1,383,38,463,657
191,2,0,28,355,649
192,0,937,46,343,596
192,1,384,39,462,657
192,2,0,30,350,648
193,0,938,47,342,596
193,1,385,39,463,658
193,2,0,30,355,647
194,0,938,46,342,598
194,1,387,39,462,659
194,2,0,32,362,644
195,0,939,45,341,600
195,1,389,43,460,655
195,2,0,33,365,642
196,0,941,44,339,602
196,1,390,40,467,659
196,2,2,33,367,641
197,0,391,49,460,650
197,1,944,43,336,604
197,2,7,33,363,640
198,0,946,41,334,607
198,1,393,38,459,661
198,2,10,33,363,639
199,0,948,40,332,608
199,1,395,37,457,662
199,2,15,33,361,636
200,0,950,38,330,609
200,1,396,34,464,663
200,2,19,30,359,636
201,0,952,35,328,612
201,1,399,32,463,663
201,2,25,29,359,634
202,0,954,36,326,610
202,1,401,31,454,664
202,2,30,29,356,631
203,0,955,35,325,611
203,1,402,31,453,664
203,2,34,28,354,631
204,0,956,37,324,610
204,1,403,30,452,664
204,2,37,28,351,630
205,0,958,41,322,607
205,1,404,30,450,664
205,2,40,28,348,628
206,0,959,41,321,607
206,1,404,30,450,664
206,2,42,28,347,627
207,0,959,41,321,608
207,1,404,30,449,665
207,2,43,28,343,626
208,0,958,40,322,609
208,1,403,29,449,665
208,2,44,28,344,625
209,0,958,39,322,611
209,1,403,28,448,667
209,2,45,27,342,626
210,0,957,42,323,608
210,1,402,28,447,666
210,2,45,26,344,626
211,0,956,43,324,607
211,1,401,27,448,667
211,2,45,26,344,624
212,0,955,42,325,608
212,1,399,26,448,668
212,2,45,25,344,626
213,0,953,42,327,608
213,1,398,25,447,669
213,2,43,24,346,626
214,0,953,40,327,610
214,1,396,25,448,669
214,2,43,24,345,625
215,0,951,39,329,611
215,1,394,23,448,671
215,2,42,23,347,626
216,0,948,39,332,611
216,1,392,23,448,671
216,2,40,23,347,626
217,0,947,40,333,610
217,1,391,23,447,671
217,2,39,23,347,625
218,0,947,38,333,613
218,1,389,22,447,674
218,2,38,22,348,627
219,0,945,39,335,613
219,1,387,23,455,673
219,2,36,23,348,626
220,0,944,40,336,614
220,1,35,23,348,626
220,2,385,22,455,674
221,0,944,39,336,616
221,1,383,22,455,676
221,2,34,22,349,628
222,0,942,40,338,616
222,1,33,23,349,626
222,2,382,22,455,677
223,0,943,41,337,617
223,1,33,23,348,626
223,2,380,22,448,678
224,0,943,41,337,618
224,1,31,23,340,627
224,2,378,22,449,679
225,0,940,40,340,620
225,1,377,21,449,681
225,2,0,21,380,629
226,0,941,40,339,621
226,1,377,22,456,681
226,2,0,22,381,627
227,0,939,40,341,624
227,1,375,22,448,682
227,2,31,22,349,628
228,0,939,39,341,626
228,1,374,22,457,684
228,2,0,22,380,628
229,0,939,40,341,626
229,1,31,23,349,628
229,2,373,22,457,684
230,0,939,40,341,628
230,1,372,23,457,685
230,2,31,23,350,628
231,0,939,47,341,622
231,1,0,24,380,627
231,2,372,22,448,686
232,0,938,48,342,622
232,1,33,25,347,626
232,2,372,22,448,687
233,0,938,39,342,632
233,1,34,25,347,627
233,2,372,22,456,688
234,0,938,39,342,633
234,1,0,26,381,625
234,2,372,22,454,689
235,0,938,46,342,627
235,1,0,27,381,624
235,2,372,22,448,690
236,0,938,38,342,636
236,1,0,27,381,626
236,2,372,22,456,691
237,0,938,36,342,639
237,1,0,29,381,625
237,2,372,22,456,691
238,0,939,36,341,640
238,1,0,30,382,625
238,2,373,22,447,693
239,0,939,35,341,642
239,1,0,31,382,624
239,2,373,23,455,693
240,0,939,42,341,636
240,1,0,32,383,624
240,2,374,23,455,694
241,0,940,42,340,637
241,1,0,33,383,623
241,2,375,23,454,695
242,0,940,41,340,639
242,1,0,34,384,622
242,2,375,23,455,696
243,0,941,40,339,641
243,1,0,35,386,622
243,2,378,23,454,697
244,0,943,39,337,642
244,1,0,37,389,620
244,2,380,23,453,697
245,0,0,39,391,619
245,1,946,36,334,646
245,2,383,23,452,697
246,0,0,40,394,617
246,1,947,31,333,652
246,2,385,22,452,698
247,0,0,40,397,617
247,1,949,33,331,650
247,2,388,22,451,698
248,0,78,41,322,614
248,1,952,30,328,654
248,2,391,21,450,699
249,0,0,41,401,614
249,1,956,36,324,648
249,2,394,20,450,700
250,0,0,159,135,452
250,1,957,43,323,642
250,2,89,42,317,612
250,3,397,19,449,701
251,0,0,160,141,450
251,1,959,53,321,632
251,2,95,42,315,611
251,3,401,14,447,706
252,0,0,43,413,609
252,1,962,25,318,661
252,2,404,13,447,707
253,0,964,49,316,637
253,1,0,16,853,704
254,0,967,30,313,656
254,1,0,15,855,705
255,0,970,44,310,642
255,1,0,11,857,708
256,0,974,45,306,641
256,1,0,45,428,601
256,2,419,14,440,705
257,0,976,44,304,642
257,1,0,13,862,706
258,0,979,45,301,641
258,1,0,12,865,706
259,0,980,42,300,645
259,1,0,12,866,706
260,0,982,40,298,648
260,1,0,6,867,713
261,0,984,39,296,649
261,1,0,11,869,708
262,0,985,39,295,650
262,1,0,10,870,709
263,0,987,38,293,652
263,1,0,9,872,710
264,0,989,35,291,656
264,1,0,9,874,711
265,0,990,37,290,654
265,1,0,8,874,712
266,0,992,36,288,656
266,1,0,2,876,718
267,0,994,34,286,659
267,1,0,2,878,718
268,0,995,36,285,657
268,1,0,2,879,718
269,0,997,29,283,665
269,1,0,1,881,719
270,0,999,31,281,664
270,1,0,4,882,716
271,0,998,31,282,664
271,1,0,0,882,720
272,0,999,29,281,667
272,1,0,0,883,720
273,0,1001,30,279,667
273,1,0,0,884,720
274,0,1002,31,278,667
274,1,0,3,886,717
275,0,1001,26,279,674
275,1,0,3,886,717
276,0,1002,29,278,674
276,1,0,4,887,716
277,0,1003,27,277,679
277,1,0,5,887,715
278,0,1004,29,276,680
278,1,0,6,889,714
279,0,1004,28,276,684
279,1,0,2,889,718
280,0,1006,31,274,684
280,1,0,3,891,717
281,0,1005,32,275,686
281,1,0,4,892,716
282,0,1006,32,274,688
282,1,0,5,892,715
283,0,1007,33,273,687
283,1,0,7,870,713
284,0,1008,33,272,687
284,1,0,7,865,713
285,0,1008,31,272,689
285,1,0,14,893,706
286,0,1008,34,272,686
286,1,0,14,858,706
287,0,1007,31,273,689
287,1,0,7,894,713
288,0,1007,33,273,687
288,1,0,9,894,711
289,0,1007,34,273,686
289,1,0,9,866,711
290,0,1006,33,274,687
290,1,0,9,895,711
291,0,1006,33,274,687
291,1,0,10,895,710
292,0,1007,33,273,687
292,1,0,11,896,709
293,0,1006,30,274,690
293,1,0,12,896,708
294,0,1006,33,274,687
294,1,0,12,897,708
295,0,1007,33,273,687
295,1,0,13,897,707
296,0,1006,30,274,690
296,1,0,14,897,706
297,0,1006,33,274,687
297,1,0,15,897,705
298,0,1006,34,274,686
298,1,0,15,898,705
299,0,1005,35,275,685
299,1,0,16,897,704
300,0,1005,29,275,691
300,1,2,16,895,704
301,0,1005,30,275,690
301,1,5,16,892,704
302,0,1006,30,274,690
302,1,8,17,889,703
303,0,1006,44,274,676
303,1,10,19,886,701
304,0,1004,33,276,687
304,1,12,19,882,701
305,0,1003,30,277,690
305,1,13,20,881,700
306,0,1002,47,278,673
306,1,15,26,877,694
307,0,1001,43,279,677
307,1,16,25,874,695
308,0,998,41,282,679
308,1,15,22,872,698
309,0,994,41,286,679
309,1,14,21,869,699
310,0,989,26,291,694
310,1,14,11,866,709
311,0,985,24,295,694
311,1,13,9,865,711
312,0,983,25,297,690
312,1,12,9,862,711
313,0,981,26,299,686
313,1,11,8,860,712
314,0,978,32,302,678
314,1,9,7,860,713
315,0,973,22,307,685
315,1,7,5,858,715
316,0,969,19,311,685
316,1,5,4,857,716
317,0,965,18,315,684
317,1,3,1,855,719
318,0,961,17,319,682
318,1,2,1,853,719
319,0,958,16,322,681
319,1,0,0,852,718
320,0,954,15,326,680
320,1,0,0,849,717
321,0,951,18,329,676
321,1,0,0,846,715
322,0,948,0,332,692
322,1,0,0,843,714
323,0,945,0,335,691
323,1,0,0,842,713
324,0,944,17,336,673
324,1,0,0,840,712
325,0,944,16,336,674
325,1,0,0,840,712
326,0,943,15,337,674
326,1,0,0,840,711
327,0,942,19,338,669
327,1,0,0,839,711
328,0,942,16,338,672
328,1,0,1,839,710
329,0,942,15,338,674
329,1,0,0,840,711
330,0,942,16,338,672
330,1,0,2,839,709
331,0,942,19,338,670
331,1,0,2,840,710
332,0,942,15,338,674
332,1,0,2,841,710
333,0,942,18,338,672
333,1,2,3,839,709
334,0,942,17,338,673
334,1,3,3,839,710
335,0,942,18,338,672
335,1,4,4,838,709
336,0,942,18,338,672
336,1,5,5,837,708
337,0,6,5,837,709
337,1,943,0,337,691
338,0,7,5,837,709
338,1,943,1,337,690
339,0,8,6,836,708
339,1,943,1,337,690
340,0,944,19,336,672
340,1,9,6,836,708
341,0,10,7,836,708
341,1,944,1,336,690
342,0,944,21,336,670
342,1,11,8,835,707
343,0,945,21,335,671
343,1,12,8,834,708
344,0,945,21,335,671
344,1,12,8,835,709
345,0,944,20,336,671
345,1,13,9,834,707
346,0,945,21,335,671
346,1,13,9,835,709
347,0,14,10,835,708
347,1,945,3,335,689
348,0,945,23,335,669
348,1,14,10,835,709
349,0,945,22,335,671
349,1,15,11,835,709
350,0,15,11,836,709
350,1,945,5,335,688
351,0,945,23,335,670
351,1,16,13,835,707
352,0,16,13,835,707
352,1,944,5,336,689
353,0,16,14,836,706
353,1,944,5,336,689
354,0,17,14,835,706
354,1,944,6,336,688
355,0,17,15,835,705
355,1,944,7,336,687
356,0,17,16,836,704
356,1,943,6,337,688
357,0,17,16,836,704
357,1,943,8,337,687
358,0,18,16,835,704
358,1,943,8,337,687
359,0,18,17,836,703
359,1,943,10,337,685
360,0,943,25,337,670
360,1,18,18,836,702
361,0,18,18,837,702
361,1,942,10,338,686
362,0,942,24,338,672
362,1,19,18,836,702
363,0,942,24,338,672
363,1,19,19,835,701
364,0,19,19,837,701
364,1,942,11,338,686
365,0,19,20,837,700
365,1,942,11,338,686
366,0,19,20,837,700
366,1,941,12,339,684
367,0,19,20,838,700
367,1,941,10,339,687
368,0,941,25,339,672
368,1,19,21,837,699
369,0,20,21,837,699
369,1,940,12,340,685
370,0,940,24,340,673
370,1,20,20,837,700
371,0,940,26,340,670
371,1,20,21,838,699
372,0,21,21,837,699
372,1,940,13,340,683
373,0,21,21,837,699
373,1,940,12,340,684
374,0,21,21,837,699
374,1,940,12,340,684
375,0,21,21,837,699
375,1,940,11,340,685
376,0,0,21,859,699
376,1,940,11,340,685
377,0,0,21,859,699
377,1,940,12,340,684
378,0,940,22,340,673
378,1,0,21,859,699
379,0,0,21,859,699
379,1,939,10,341,685
380,0,939,22,341,673
380,1,0,20,859,700
381,0,0,20,859,700
381,1,939,11,341,684
382,0,0,20,860,700
382,1,939,10,341,684
383,0,0,19,859,701
383,1,939,10,341,684
384,0,0,19,859,701
384,1,939,9,341,684
385,0,0,19,860,701
385,1,939,9,341,684
386,0,0,19,859,701
386,1,939,8,341,684
387,0,939,20,341,672
387,1,0,18,860,702
388,0,0,17,861,703
388,1,939,7,341,685
389,0,939,18,341,673
389,1,0,17,860,703
390,0,940,18,340,672
390,1,0,17,861,703
391,0,0,17,862,703
391,1,942,16,338,673
392,0,942,18,338,671
392,1,0,17,862,703
393,0,940,21,340,667
393,1,0,16,860,704
394,0,938,18,342,669
394,1,0,15,858,705
395,0,939,28,341,659
395,1,0,19,858,701
396,0,936,18,344,668
396,1,0,14,856,706
397,0,933,18,347,668
397,1,0,13,855,707
398,0,931,20,349,664
398,1,0,14,852,706
399,0,930,19,350,665
399,1,0,14,851,706
400,0,0,14,851,706
400,1,929,0,351,684
401,0,929,20,351,664
401,1,0,15,849,705
402,0,928,23,352,661
402,1,0,19,848,701
403,0,0,15,849,705
403,1,928,0,352,684
404,0,0,15,851,705
404,1,929,0,351,684
405,0,931,22,349,662
405,1,0,21,852,699
406,0,932,22,348,662
406,1,0,18,853,702
407,0,933,19,347,664
407,1,0,12,855,708
408,0,934,21,346,662
408,1,0,12,855,708
409,0,935,21,345,662
409,1,0,11,855,709
410,0,0,10,855,710
410,1,935,4,345,678
411,0,936,22,344,659
411,1,0,17,856,703
412,0,937,22,343,659
412,1,0,10,856,710
413,0,938,21,342,659
413,1,0,10,857,710
414,0,940,25,340,655
414,1,0,16,857,704
415,0,940,24,340,657
415,1,0,17,857,703
416,0,940,26,340,654
416,1,0,17,857,703
417,0,940,27,340,653
417,1,0,18,856,702
418,0,939,28,341,651
418,1,0,10,856,710
419,0,940,39,340,639
419,1,0,17,856,703
420,0,941,37,339,640
420,1,0,18,855,702
421,0,938,31,342,645
421,1,0,17,853,703
422,0,936,40,344,635
422,1,0,16,850,704
423,0,0,75,414,645
423,1,937,39,343,634
423,2,427,17,422,698
424,0,933,38,347,634
424,1,0,17,846,703
425,0,0,17,842,703
425,1,926,0,354,671
426,0,0,17,838,703
426,1,923,0,357,669
427,0,0,16,836,704
427,1,919,0,361,667
428,0,0,18,832,702
428,1,916,0,364,665
429,0,0,25,829,695
429,1,915,0,365,664
430,0,916,41,364,621
430,1,0,19,826,701
431,0,915,42,365,620
431,1,0,18,821,702
432,0,0,66,392,654
432,1,914,45,366,616
432,2,406,19,417,684
433,0,0,20,823,700
433,1,912,0,368,660
434,0,0,21,823,699
434,1,913,0,367,660
435,0,0,67,394,653
435,1,405,23,412,678
435,2,913,0,367,659
436,0,0,23,822,697
436,1,912,1,368,659
437,0,0,23,823,697
437,1,912,3,368,657
438,0,0,24,822,696
438,1,914,7,366,654
439,0,0,66,410,654
439,1,407,25,416,676
439,2,915,0,365,661
440,0,0,28,823,692
440,1,916,8,364,654
441,0,0,28,825,674
441,1,917,8,363,654
442,0,0,24,827,677
442,1,918,6,362,656
443,0,0,32,828,669
443,1,921,7,359,655
444,0,0,33,831,668
444,1,924,8,356,655
445,0,0,28,833,672
445,1,926,8,354,654
446,0,0,33,834,666
446,1,929,8,351,653
447,0,0,68,433,574
447,1,430,33,407,665
447,2,932,9,348,651
448,0,0,28,841,692
448,1,935,4,345,655
449,0,0,28,844,692
449,1,938,5,342,653
450,0,0,33,847,687
450,1,941,7,339,650
451,0,0,29,850,691
451,1,944,6,336,650
452,0,0,28,854,692
452,1,947,4,333,651
453,0,0,28,856,692
453,1,949,2,331,651
454,0,0,33,858,687
454,1,951,5,329,647
455,0,0,34,860,686
455,1,952,5,328,646
456,0,0,34,863,686
456,1,954,3,326,647
457,0,0,35,865,685
457,1,956,0,324,649
458,0,0,36,867,681
458,1,959,5,321,644
459,0,0,36,869,678
459,1,961,6,319,643
460,0,0,32,872,679
460,1,963,0,317,649
461,0,0,74,477,633
461,1,475,38,392,645
461,2,967,4,313,645
462,0,0,74,462,624
462,1,477,38,392,645
462,2,970,6,310,643
463,0,0,75,480,610
463,1,478,39,393,644
463,2,972,5,308,644
464,0,0,75,480,595
464,1,478,40,393,643
464,2,972,9,308,640
465,0,0,74,463,582
465,1,478,40,394,642
465,2,974,10,306,638
466,0,0,76,458,557
466,1,477,42,394,640
466,2,975,14,305,634
467,0,0,75,456,552
467,1,474,44,394,637
467,2,973,17,307,630
468,0,0,73,472,554
468,1,470,45,401,635
468,2,969,18,311,628
469,0,0,71,469,556
469,1,466,45,401,634
469,2,962,17,318,627
470,0,0,46,863,631
470,1,956,20,324,623
471,0,0,68,461,558
471,1,459,46,400,630
471,2,953,22,327,618
472,0,0,68,457,558
472,1,455,46,400,628
472,2,949,24,331,615
473,0,0,69,453,557
473,1,451,47,394,626
473,2,945,28,335,608
474,0,0,69,448,557
474,1,446,49,399,623
474,2,938,28,342,607
475,0,0,66,443,560
475,1,441,51,398,619
475,2,929,31,351,617
476,0,0,67,438,558
476,1,437,51,391,617
476,2,924,34,356,613
477,0,0,67,419,558
477,1,432,52,391,616
477,2,921,37,359,608
478,0,0,66,428,559
478,1,426,53,392,613
478,2,915,38,365,605
479,0,0,65,422,560
479,1,420,51,397,614
479,2,907,41,373,600
480,0,0,64,416,560
480,1,415,52,395,611
480,2,899,42,381,598
481,0,0,62,411,562
481,1,409,52,395,610
481,2,893,39,387,599
482,0,0,60,406,562
482,1,403,53,395,607
482,2,887,41,393,594
483,0,0,59,401,562
483,1,398,54,394,605
483,2,882,44,398,589
484,0,393,58,393,599
484,1,0,58,395,562
484,2,877,49,403,584
485,0,388,59,385,597
485,1,0,57,390,562
485,2,871,49,409,583
486,0,382,57,392,598
486,1,0,56,385,562
486,2,866,50,414,582
487,0,377,60,391,594
487,1,0,55,380,563
487,2,859,53,421,578
488,0,372,58,390,595
488,1,0,54,375,563
488,2,854,50,426,579
489,0,367,62,390,590
489,1,0,54,370,562
489,2,850,49,430,579
490,0,361,70,391,581
490,1,0,52,365,564
490,2,844,50,436,580
491,0,358,60,390,587
491,1,0,48,362,565
491,2,840,0,440,627
492,0,355,58,382,587
492,1,838,48,442,576
492,2,0,46,358,564
493,0,350,57,390,586
493,1,835,44,445,578
493,2,0,42,354,566
494,0,345,55,390,585
494,1,829,47,451,572
494,2,0,39,349,566
495,0,340,54,389,584
495,1,824,47,456,571
495,2,0,37,344,567
496,0,337,53,389,584
496,1,820,47,460,570
496,2,0,36,341,568
497,0,334,53,389,582
497,1,0,34,338,568
497,2,817,0,463,616
498,0,331,54,388,579
498,1,814,47,466,568
498,2,0,33,335,567
499,0,328,53,389,579
499,1,0,31,333,568
499,2,811,0,469,613
500,0,326,53,389,578
500,1,0,30,331,568
500,2,809,0,471,613
501,0,324,53,389,577
501,1,806,44,469,568
501,2,0,29,328,568
502,0,321,55,390,574
502,1,803,50,467,561
502,2,0,28,326,568
503,0,320,53,390,575
503,1,0,27,325,567
503,2,802,0,467,617
504,0,318,53,390,575
504,1,0,24,323,570
504,2,800,0,462,610
505,0,316,53,391,574
505,1,0,24,321,570
505,2,766,0,514,671
506,0,315,53,391,573
506,1,796,46,459,563
506,2,0,22,320,571
507,0,313,53,391,573
507,1,795,45,458,564
507,2,0,21,318,571
508,0,311,53,392,572
508,1,794,48,456,560
508,2,0,20,316,572
509,0,309,52,394,573
509,1,0,19,315,572
509,2,792,0,455,608
510,0,308,52,393,572
510,1,791,46,453,562
510,2,0,18,313,572
511,0,306,52,394,572
511,1,790,49,451,558
511,2,0,17,311,573
512,0,305,52,394,571
512,1,789,47,450,559
512,2,0,15,310,574
513,0,303,51,395,571
513,1,788,47,448,557
513,2,0,13,308,575
514,0,302,50,396,571
514,1,0,11,307,578
514,2,787,0,446,603
515,0,301,49,397,571
515,1,0,10,306,577
515,2,786,0,445,602
516,0,300,48,396,572
516,1,0,9,304,579
516,2,786,0,443,600
517,0,299,48,398,571
517,1,786,44,442,555
517,2,0,7,304,581
518,0,299,48,396,570
518,1,786,43,440,554
518,2,0,6,303,581
519,0,297,47,399,570
519,1,786,42,438,554
519,2,0,5,302,582
520,0,296,46,400,570
520,1,0,4,301,583
520,2,785,0,436,594
521,0,296,46,399,570
521,1,0,4,299,583
521,2,785,0,435,593
522,0,294,46,399,569
522,1,784,40,434,551
522,2,0,3,298,584
523,0,294,46,388,569
523,1,783,44,434,545
523,2,0,2,297,586
524,0,292,45,400,569
524,1,782,43,432,545
524,2,0,1,295,588
525,0,291,45,400,569
525,1,0,1,294,588
525,2,781,0,429,586
526,0,289,45,400,568
526,1,0,1,292,589
526,2,780,0,427,585
527,0,288,45,401,567
527,1,779,0,425,583
527,2,0,0,290,590
528,0,287,45,400,567
528,1,778,41,423,540
528,2,0,0,289,591
529,0,285,45,401,567
529,1,776,41,423,539
529,2,0,0,287,591
530,0,283,45,401,567
530,1,775,0,420,579
530,2,0,0,285,592
531,0,281,45,401,567
531,1,773,0,419,578
531,2,0,0,283,593
532,0,280,45,401,566
532,1,771,0,418,577
532,2,0,0,281,594
533,0,278,46,394,565
533,1,769,44,416,532
533,2,0,0,279,594
534,0,276,47,399,564
534,1,767,44,414,531
534,2,0,0,277,594
535,0,274,47,401,564
535,1,764,44,413,531
535,2,0,0,275,595
536,0,272,48,401,562
536,1,762,46,410,528
536,2,0,0,273,594
537,0,269,49,396,562
537,1,760,46,408,528
537,2,0,0,270,595
538,0,267,49,402,561
538,1,757,46,407,528
538,2,0,0,268,595
539,0,265,51,396,559
539,1,755,0,404,573
539,2,0,0,266,595
540,0,262,51,401,558
540,1,752,0,403,573
540,2,0,0,264,594
541,0,260,52,402,557
541,1,749,51,401,522
541,2,0,0,261,594
542,0,258,51,399,557
542,1,747,49,399,523
542,2,0,0,259,593
543,0,256,51,401,556
543,1,744,12,396,559
543,2,0,0,257,592
544,0,254,51,401,556
544,1,742,0,394,571
544,2,0,0,255,592
545,0,739,54,393,517
545,1,252,51,397,555
545,2,0,0,253,591
546,0,1173,68,107,547
546,1,736,56,392,514
546,2,250,51,395,555
546,3,0,0,251,590
547,0,1170,68,110,547
547,1,735,55,389,515
547,2,249,51,401,553
547,3,0,0,250,589
548,0,1167,68,113,547
548,1,248,51,401,553
548,2,702,22,442,600
548,3,0,0,249,588
549,0,1165,74,115,541
549,1,731,57,386,513
549,2,247,52,400,552
549,3,0,0,248,587
550,0,1167,86,113,529
550,1,730,54,385,517
550,2,246,53,401,550
550,3,0,0,248,587
551,0,1158,78,122,537
551,1,729,56,382,515
551,2,245,53,400,550
551,3,0,0,247,587
552,0,1155,79,125,537
552,1,243,54,400,550
552,2,726,5,382,567
552,3,0,0,245,587
553,0,1152,83,128,534
553,1,724,64,381,508
553,2,242,54,389,550
553,3,0,0,244,587
554,0,1154,84,126,533
554,1,723,66,380,507
554,2,241,54,390,550
554,3,0,0,243,587
555,0,1153,88,127,530
555,1,723,68,378,505
555,2,240,55,390,550
555,3,0,0,242,587
556,0,1148,85,132,534
556,1,241,56,401,549
556,2,692,14,430,611
556,3,0,0,243,587
557,0,1146,87,134,533
557,1,241,56,392,549
557,2,723,39,375,536
557,3,0,0,244,587
558,0,1145,90,135,532
558,1,241,58,400,548
558,2,692,41,428,586
558,3,0,0,244,588
559,0,1146,93,134,530
559,1,244,60,399,548
559,2,694,20,427,609
559,3,0,0,246,589
560,0,1146,100,134,525
560,1,725,77,375,503
560,2,246,62,387,547
560,3,0,1,248,588
561,0,1148,100,132,527
561,1,249,64,399,547
561,2,696,26,428,607
561,3,0,3,251,588
562,0,1149,103,131,526
562,1,699,77,426,557
562,2,252,67,398,545
562,3,0,6,254,586
563,0,1151,104,129,527
563,1,255,69,399,544
563,2,702,31,425,605
563,3,0,9,257,584
564,0,1152,106,128,527
564,1,258,71,398,544
564,2,704,36,426,602
564,3,0,11,261,583
565,0,1154,111,126,522
565,1,737,86,372,503
565,2,262,73,397,542
565,3,0,12,265,582
566,0,1157,108,123,525
566,1,265,74,398,541
566,2,710,43,423,596
566,3,0,14,268,580
567,0,1159,112,121,521
567,1,270,76,396,539
567,2,712,39,424,600
567,3,0,16,273,578
568,0,1160,115,120,517
568,1,716,91,422,546
568,2,274,77,394,538
568,3,0,17,277,577
569,0,1160,114,120,517
569,1,748,87,368,501
569,2,276,78,394,537
569,3,0,19,280,575
570,0,1159,114,121,517
570,1,279,79,392,535
570,2,718,43,421,593
570,3,0,20,282,575
571,0,1159,112,121,517
571,1,281,81,391,533
571,2,720,45,419,590
571,3,0,21,285,575
572,0,1159,113,121,514
572,1,284,82,390,531
572,2,753,43,364,541
572,3,0,23,287,573
573,0,1159,116,121,510
573,1,723,90,417,543
573,2,286,83,388,531
573,3,0,25,289,572
574,0,1157,115,123,509
574,1,724,90,416,541
574,2,288,85,389,528
574,3,0,26,291,571
575,0,1156,118,124,505
575,1,756,92,362,489
575,2,291,86,384,527
575,3,0,28,293,570
576,0,1161,126,119,496
576,1,727,94,412,536
576,2,292,88,376,525
576,3,0,29,294,570
577,0,1159,127,121,494
577,1,758,91,371,492
577,2,294,89,376,524
577,3,0,31,296,569
578,0,1158,127,122,492
578,1,758,94,358,485
578,2,295,91,374,522
578,3,0,33,296,568
579,0,1149,118,131,501
579,1,728,94,408,534
579,2,296,92,383,522
579,3,0,34,297,569
580,0,1147,117,133,501
580,1,297,93,377,522
580,2,728,49,408,578
580,3,0,35,298,569
581,0,1145,119,135,499
581,1,297,95,377,520
581,2,729,51,406,576
581,3,0,37,298,569
582,0,1144,118,136,499
582,1,298,97,381,518
582,2,729,52,405,575
582,3,0,39,299,567
583,0,1143,118,137,499
583,1,299,98,381,518
583,2,729,54,405,573
583,3,0,40,300,567
584,0,1141,120,139,496
584,1,300,99,378,517
584,2,730,56,403,571
584,3,0,42,301,566
585,0,1140,121,140,494
585,1,301,100,379,516
585,2,730,57,403,570
585,3,0,43,302,566
586,0,1139,121,141,494
586,1,301,101,373,515
586,2,730,56,402,571
586,3,0,44,302,566
587,0,1138,121,142,493
587,1,302,102,372,514
587,2,730,56,401,571
587,3,0,45,302,565
588,0,1136,124,144,490
588,1,302,103,377,513
588,2,0,46,302,565
588,3,730,41,400,585
589,0,1135,125,145,488
589,1,730,106,399,521
589,2,303,104,371,512
589,3,0,47,303,564
590,0,1134,123,146,489
590,1,303,104,371,512
590,2,730,63,399,563
590,3,0,48,303,564
591,0,1133,123,147,489
591,1,303,104,378,512
591,2,729,58,400,568
591,3,0,47,303,566
592,0,1132,123,148,488
592,1,303,105,371,511
592,2,730,58,398,567
592,3,0,48,303,564
593,0,730,209,397,416
593,1,1131,127,149,483
593,2,303,105,371,511
593,3,0,48,303,565
594,0,1130,127,150,483
594,1,303,106,379,510
594,2,730,101,397,525
594,3,0,49,304,565
595,0,1129,126,151,483
595,1,304,106,378,509
595,2,730,62,396,563
595,3,0,49,304,564
596,0,1129,129,151,481
596,1,304,107,371,509
596,2,730,102,395,523
596,3,0,50,304,564
597,0,1129,128,151,482
597,1,304,107,372,509
597,2,731,102,395,523
597,3,0,50,305,564
598,0,731,210,395,414
598,1,1129,129,151,479
598,2,305,106,371,508
598,3,0,49,306,564
599,0,1129,126,151,482
599,1,306,107,377,508
599,2,732,72,394,552
599,3,0,49,306,564
600,0,1130,127,150,481
600,1,307,106,371,508
600,2,733,105,393,519
600,3,0,49,308,563
601,0,735,210,392,412
601,1,1132,130,148,477
601,2,310,105,369,508
601,3,0,48,310,563
602,0,1134,124,146,482
602,1,313,106,370,506
602,2,738,66,392,556
602,3,0,49,313,561
603,0,1136,126,144,480
603,1,739,106,393,515
603,2,315,105,370,507
603,3,0,48,316,561
604,0,1138,125,142,479
604,1,741,106,393,514
604,2,318,105,368,506
604,3,0,48,318,560
605,0,1139,121,141,482
605,1,320,104,374,505
605,2,743,60,391,558
605,3,0,47,320,560
606,0,1140,120,140,482
606,1,321,101,374,507
606,2,743,58,392,559
606,3,0,45,321,561
607,0,744,177,390,439
607,1,1141,123,139,478
607,2,323,101,367,506
607,3,0,44,323,560
608,0,746,174,388,441
608,1,1141,121,139,479
608,2,324,101,373,505
608,3,0,43,324,560
609,0,1141,121,139,479
609,1,324,101,367,504
609,2,746,65,389,550
609,3,0,43,325,559
610,0,1142,121,138,480
610,1,326,100,366,505
610,2,746,66,389,549
610,3,0,43,326,559
611,0,1142,123,138,478
611,1,327,100,366,505
611,2,748,62,387,553
611,3,0,43,327,558
612,0,1143,124,137,478
612,1,328,100,366,506
612,2,748,61,388,555
612,3,0,42,328,560
613,0,1144,127,136,476
613,1,329,100,366,506
613,2,750,69,386,547
613,3,0,42,330,559
614,0,1144,126,136,477
614,1,331,100,365,506
614,2,751,61,386,555
614,3,0,42,331,559
615,0,1145,127,135,477
615,1,332,101,371,505
615,2,751,46,405,571
615,3,0,42,332,559
616,0,1146,129,134,476
616,1,334,101,366,505
616,2,753,63,386,554
616,3,0,42,334,558
617,0,1147,129,133,476
617,1,334,100,367,506
617,2,754,47,386,570
617,3,0,42,335,559
618,0,1148,131,132,475
618,1,336,101,365,506
618,2,756,67,385,550
618,3,0,42,337,558
619,0,1150,133,130,473
619,1,338,101,364,506
619,2,787,67,335,502
619,3,0,42,338,558
620,0,1151,134,129,473
620,1,340,101,365,506
620,2,759,65,385,553
620,3,0,42,340,558
621,0,1153,135,127,472
621,1,342,101,365,506
621,2,761,65,384,553
621,3,0,42,342,559
622,0,1154,133,126,474
622,1,344,102,364,506
622,2,763,74,383,544
622,3,0,43,344,558
623,0,1155,135,125,472
623,1,346,102,366,506
623,2,764,75,383,543
623,3,0,43,345,558
624,0,1156,133,124,474
624,1,347,103,365,505
624,2,766,75,383,543
624,3,0,43,348,559
625,0,1157,132,123,473
625,1,350,102,364,505
625,2,769,71,381,546
625,3,0,43,350,559
626,0,1158,132,122,473
626,1,352,102,364,505
626,2,770,70,382,547
626,3,0,43,351,559
627,0,1159,133,121,470
627,1,354,102,364,504
627,2,772,67,381,549
627,3,0,44,353,558
628,0,1159,133,121,468
628,1,356,102,363,503
628,2,773,65,380,550
628,3,0,44,355,558
629,0,1159,133,121,467
629,1,357,102,364,503
629,2,774,65,380,549
629,3,0,44,356,558
630,0,1159,133,121,466
630,1,358,102,364,502
630,2,775,69,379,544
630,3,0,44,357,558
631,0,1159,129,121,468
631,1,359,102,363,501
631,2,775,66,379,546
631,3,0,44,358,558
632,0,1166,141,114,455
632,1,360,103,363,500
632,2,803,85,332,477
632,3,0,44,358,558
633,0,776,191,378,421
633,1,1167,139,113,456
633,2,360,103,364,500
633,3,0,44,359,559
634,0,1159,127,121,466
634,1,362,102,363,499
634,2,778,70,378,540
634,3,0,44,361,558
635,0,1160,126,120,465
635,1,364,101,363,500
635,2,778,65,379,543
635,3,0,43,362,559
636,0,1161,123,119,467
636,1,365,101,364,499
636,2,779,58,379,549
636,3,0,43,363,559
637,0,1161,123,119,465
637,1,367,101,362,498
637,2,780,59,378,547
637,3,0,43,364,558
638,0,1162,126,118,461
638,1,367,101,363,498
638,2,808,56,333,500
638,3,0,43,364,558
639,0,1164,124,116,463
639,1,369,101,364,497
639,2,782,56,380,550
639,3,0,43,367,558
640,0,784,122,381,484
640,1,372,101,363,497
640,2,0,44,370,556
641,0,375,101,362,497
641,1,786,54,382,551
641,2,0,44,372,557
642,0,378,101,362,497
642,1,788,53,400,552
642,2,0,45,375,556
643,0,381,101,361,496
643,1,790,56,383,549
643,2,0,45,378,555
644,0,383,102,361,495
644,1,791,58,401,547
644,2,0,46,380,554
645,0,384,102,361,496
645,1,793,58,399,547
645,2,0,46,381,553
646,0,384,103,361,494
646,1,793,55,383,550
646,2,0,47,381,552
647,0,386,103,361,495
647,1,794,56,401,549
647,2,0,47,384,552
648,0,387,103,360,495
648,1,795,56,401,550
648,2,0,48,385,551
649,0,388,104,360,494
649,1,796,55,383,551
649,2,0,48,385,551
650,0,390,104,360,495
650,1,798,56,384,551
650,2,0,49,387,551
651,0,391,106,359,493
651,1,799,61,383,546
651,2,0,50,389,549
652,0,394,106,358,493
652,1,800,61,385,547
652,2,0,51,391,548
653,0,394,107,359,493
653,1,801,63,384,546
653,2,0,52,392,548
654,0,395,107,358,493
654,1,802,64,400,545
654,2,0,52,393,548
655,0,396,108,358,493
655,1,802,64,384,546
655,2,0,53,394,547
656,0,397,109,358,493
656,1,803,61,383,550
656,2,0,55,394,546
657,0,397,110,357,492
657,1,804,65,382,546
657,2,0,55,395,546
658,0,398,111,356,491
658,1,803,64,383,547
658,2,0,56,396,545
659,0,398,111,357,492
659,1,804,63,383,549
659,2,0,57,396,545
660,0,399,112,356,491
660,1,805,65,382,547
660,2,0,57,397,544
661,0,400,112,355,491
661,1,805,68,382,544
661,2,0,57,398,544
662,0,400,113,356,490
662,1,805,65,382,548
662,2,0,58,398,543
663,0,400,113,356,490
663,1,806,67,382,546
663,2,0,59,399,542
664,0,402,114,355,489
664,1,806,69,382,543
664,2,0,59,400,541
665,0,402,114,356,490
665,1,807,68,381,545
665,2,0,60,401,541
666,0,403,115,355,489
666,1,807,68,382,546
666,2,0,60,402,541
667,0,404,115,355,489
667,1,808,70,382,544
667,2,0,61,403,539
668,0,405,116,354,488
668,1,810,73,381,541
668,2,0,61,404,540
669,0,406,116,355,488
669,1,810,72,398,542
669,2,0,62,405,539
670,0,408,117,353,487
670,1,811,75,381,539
670,2,0,62,406,538
671,0,408,117,354,487
671,1,0,62,407,538
671,2,812,58,381,556
672,0,410,117,353,487
672,1,813,73,398,541
672,2,0,63,409,537
673,0,412,117,352,487
673,1,814,73,381,540
673,2,0,63,410,536
674,0,413,118,352,486
674,1,0,63,411,536
674,2,815,59,381,555
675,0,413,118,353,486
675,1,816,72,397,542
675,2,0,64,413,536
676,0,416,119,350,485
676,1,817,73,380,541
676,2,0,64,414,535
677,0,417,119,351,485
677,1,818,75,381,540
677,2,0,65,416,534
678,0,418,120,351,485
678,1,0,66,417,539
678,2,819,62,397,553
679,0,420,121,350,484
679,1,0,66,419,533
679,2,820,63,380,553
680,0,422,121,349,484
680,1,0,67,420,547
680,2,822,63,379,553
681,0,423,122,349,484
681,1,0,68,422,548
681,2,823,64,378,552
682,0,424,122,349,484
682,1,0,68,424,539
682,2,823,65,379,552
683,0,426,123,349,483
683,1,0,69,426,572
683,2,825,66,379,551
684,0,428,124,348,482
684,1,0,70,427,574
684,2,826,67,395,550
685,0,429,124,348,482
685,1,0,71,429,581
685,2,827,68,395,549
686,0,431,125,348,481
686,1,0,71,430,581
686,2,829,68,377,549
687,0,433,126,346,479
687,1,830,85,376,531
687,2,0,72,432,578
688,0,434,125,346,480
688,1,831,76,392,539
688,2,0,71,434,580
689,0,435,124,347,479
689,1,0,70,435,580
689,2,832,69,375,546
690,0,833,125,373,488
690,1,437,124,346,479
690,2,0,70,437,580
691,0,439,124,344,476
691,1,833,97,372,514
691,2,0,70,439,579
692,0,439,123,346,476
692,1,0,68,440,580
692,2,833,67,389,543
693,0,441,122,344,475
693,1,834,72,371,535
693,2,0,68,441,578
694,0,443,119,343,475
694,1,0,66,442,579
694,2,833,62,372,542
695,0,444,118,348,474
695,1,0,65,443,579
695,2,833,60,371,543
696,0,444,118,349,473
696,1,0,65,444,578
696,2,833,60,386,541
697,0,445,118,342,471
697,1,0,65,445,578
697,2,833,60,369,539
698,0,446,118,341,470
698,1,0,65,445,578
698,2,832,61,369,537
699,0,447,119,341,468
699,1,0,65,447,578
699,2,832,62,368,535
700,0,448,119,339,467
700,1,0,66,447,576
700,2,832,63,382,533
701,0,448,120,344,466
701,1,0,67,447,576
701,2,831,63,382,533
702,0,448,121,338,465
702,1,831,69,364,526
702,2,0,68,448,575
703,0,449,121,336,465
703,1,830,70,363,525
703,2,0,68,448,576
704,0,448,122,337,465
704,1,0,69,448,575
704,2,829,66,363,530
705,0,448,123,337,464
705,1,0,71,448,573
705,2,829,67,377,529
706,0,449,124,335,463
706,1,0,71,448,573
706,2,828,67,360,529
707,0,448,125,335,463
707,1,0,72,448,572
707,2,828,69,375,528
708,0,448,126,335,462
708,1,0,74,448,570
708,2,827,71,358,526
709,0,449,128,332,460
709,1,826,79,357,518
709,2,0,75,448,569
710,0,448,129,333,460
710,1,0,76,447,568
710,2,825,74,373,524
711,0,447,130,332,459
711,1,0,77,447,567
711,2,825,75,370,524
712,0,448,131,331,458
712,1,824,109,352,489
712,2,0,78,447,566
713,0,446,132,332,457
713,1,823,79,351,520
713,2,0,79,447,566
714,0,446,134,336,455
714,1,821,81,368,518
714,2,0,80,446,565
715,0,446,134,328,455
715,1,820,91,349,507
715,2,0,81,445,563
716,0,444,135,330,455
716,1,819,129,348,470
716,2,0,82,445,562
717,0,444,136,329,453
717,1,817,92,347,506
717,2,0,83,445,561
718,0,444,136,326,453
718,1,816,85,346,513
718,2,0,84,443,559
719,0,442,137,364,452
719,1,814,86,345,513
719,2,0,84,443,559
720,0,1162,162,118,425
720,1,442,138,326,451
720,2,813,94,343,504
720,3,0,85,442,558
721,0,1159,163,121,424
721,1,441,139,325,450
721,2,811,95,342,503
721,3,0,86,442,556
722,0,809,157,342,441
722,1,440,140,325,449
722,2,0,86,441,556
723,0,439,140,325,449
723,1,808,132,340,466
723,2,0,87,440,555
724,0,1152,167,128,420
724,1,438,141,323,447
724,2,806,100,339,498
724,3,0,87,439,555
725,0,1149,167,131,420
725,1,437,141,323,447
725,2,804,93,339,505
725,3,0,88,438,553
726,0,1146,168,134,418
726,1,436,142,322,446
726,2,802,95,338,502
726,3,0,88,437,553
727,0,1150,179,130,407
727,1,436,143,321,445
727,2,802,136,335,461
727,3,0,89,436,552
728,0,1143,173,137,414
728,1,434,144,322,445
728,2,799,98,337,500
728,3,0,90,436,552
729,0,1140,172,140,415
729,1,434,145,320,444
729,2,798,100,335,498
729,3,0,90,435,552
730,0,1138,173,142,415
730,1,433,146,320,443
730,2,797,101,350,497
730,3,0,91,434,552
731,0,1136,175,144,414
731,1,431,147,321,444
731,2,795,102,334,498
731,3,0,92,433,552
732,0,1134,176,146,414
732,1,431,148,320,443
732,2,794,103,333,497
732,3,0,93,433,551
733,0,1132,178,148,413
733,1,431,150,319,442
733,2,794,106,332,495
733,3,0,95,432,550
734,0,1131,179,149,413
734,1,431,151,319,442
734,2,793,107,332,495
734,3,0,96,433,550
735,0,1130,183,150,409
735,1,431,152,318,442
735,2,793,142,330,461
735,3,0,97,432,550
736,0,1128,183,152,410
736,1,431,153,318,441
736,2,793,110,329,493
736,3,0,98,432,549
737,0,1128,183,152,411
737,1,431,155,354,440
737,2,792,111,330,493
737,3,0,99,433,549
738,0,1126,185,154,409
738,1,431,156,318,439
738,2,792,112,329,493
738,3,0,100,433,548
739,0,1126,186,154,409
739,1,431,157,318,439
739,2,792,114,328,492
739,3,0,101,433,548
740,0,1128,191,152,404
740,1,791,115,329,491
740,2,0,103,749,547
741,0,1123,189,157,407
741,1,431,159,317,439
741,2,791,117,327,489
741,3,0,104,434,547
742,0,1122,191,158,405
742,1,432,160,316,438
742,2,791,123,326,484
742,3,0,105,433,546
743,0,1127,196,153,400
743,1,790,167,326,441
743,2,0,106,748,546
744,0,1120,194,160,402
744,1,431,162,316,437
744,2,790,155,326,452
744,3,0,107,433,546
745,0,1118,192,162,404
745,1,431,163,315,436
745,2,789,128,325,479
745,3,0,107,432,546
746,0,1116,194,164,402
746,1,430,163,315,436
746,2,787,122,326,486
746,3,0,107,432,546
747,0,1115,196,165,399
747,1,430,164,315,434
747,2,787,140,323,467
747,3,0,108,432,545
748,0,1120,197,160,398
748,1,430,164,314,434
748,2,787,150,322,457
748,3,0,108,431,546
749,0,1112,195,168,400
749,1,785,122,324,485
749,2,0,108,744,546
750,0,1110,195,170,399
750,1,428,164,314,434
750,2,784,123,322,483
750,3,0,108,430,545
751,0,1108,195,172,398
751,1,428,164,313,433
751,2,783,123,321,483
751,3,0,108,429,545
752,0,1107,196,173,397
752,1,427,164,314,433
752,2,782,127,321,479
752,3,0,108,429,545
753,0,1106,197,174,395
753,1,426,164,313,432
753,2,781,133,320,471
753,3,0,107,428,546
754,0,1104,195,176,397
754,1,426,164,312,432
754,2,781,129,319,475
754,3,0,107,427,546
755,0,1102,195,178,396
755,1,779,124,319,480
755,2,0,107,738,545
756,0,1100,195,180,396
756,1,424,163,312,432
756,2,778,124,318,479
756,3,0,106,425,546
757,0,1099,195,181,395
757,1,422,163,313,432
757,2,777,126,317,477
757,3,0,105,424,546
758,0,1097,196,183,394
758,1,421,163,313,431
758,2,775,124,318,478
758,3,0,105,424,545
759,0,1095,195,185,394
759,1,421,162,312,431
759,2,774,127,316,474
759,3,0,104,423,546
760,0,1094,195,186,394
760,1,419,161,313,432
760,2,773,123,316,478
760,3,0,103,422,546
761,0,1093,194,187,394
761,1,419,161,312,431
761,2,771,123,316,478
761,3,0,103,421,546
762,0,1091,196,189,391
762,1,418,161,312,431
762,2,771,128,314,472
762,3,0,102,420,546
763,0,1090,197,190,390
763,1,417,160,312,431
763,2,770,123,314,476
763,3,0,102,419,545
764,0,1089,195,191,391
764,1,416,160,312,431
764,2,769,123,314,476
764,3,0,101,419,546
765,0,1088,194,192,392
765,1,417,159,311,431
765,2,769,126,313,472
765,3,0,100,418,546
766,0,1087,195,193,390
766,1,415,159,312,430
766,2,768,122,313,476
766,3,0,100,418,546
767,0,1086,194,194,391
767,1,415,158,312,431
767,2,767,122,313,475
767,3,0,99,418,546
768,0,1086,193,194,391
768,1,767,121,313,475
768,2,0,98,727,546
769,0,1086,193,194,391
769,1,415,157,311,430
769,2,767,121,312,475
769,3,0,97,417,547
770,0,1085,193,195,390
770,1,766,121,328,475
770,2,0,96,760,547
771,0,1085,192,195,390
771,1,414,156,312,430
771,2,766,120,312,474
771,3,0,95,416,547
772,0,1084,194,196,388
772,1,413,155,313,431
772,2,765,122,312,472
772,3,0,94,415,547
773,0,1084,193,196,389
773,1,764,119,313,475
773,2,0,93,726,548
774,0,1084,191,196,391
774,1,412,153,314,432
774,2,765,119,312,474
774,3,0,92,415,549
775,0,1084,191,196,390
775,1,412,153,314,432
775,2,765,118,312,475
775,3,0,91,415,549
776,0,1085,190,195,391
776,1,765,118,312,475
776,2,0,90,726,549
777,0,1085,193,195,388
777,1,412,151,312,433
777,2,765,118,311,474
777,3,0,90,414,549
778,0,1086,193,194,387
778,1,412,150,313,433
778,2,765,117,312,475
778,3,0,89,414,550
779,0,1086,189,194,392
779,1,765,116,313,476
779,2,0,88,727,551
780,0,1087,189,193,391
780,1,766,115,312,477
780,2,0,87,727,551
781,0,1088,189,192,392
781,1,412,149,316,434
781,2,766,115,313,477
781,3,0,86,414,552
782,0,1088,191,192,390
782,1,766,115,313,477
782,2,0,85,728,552
783,0,1089,191,191,390
783,1,411,147,318,436
783,2,767,114,313,478
783,3,0,83,414,554
784,0,1091,189,189,392
784,1,412,146,318,437
784,2,768,114,313,478
784,3,0,82,415,555
785,0,1092,188,188,394
785,1,768,112,314,480
785,2,0,81,762,555
786,0,1093,188,187,394
786,1,413,145,319,438
786,2,769,112,314,480
786,3,0,80,415,555
787,0,1094,189,186,393
787,1,413,144,319,439
787,2,770,113,314,479
787,3,0,79,416,556
788,0,1096,191,184,392
788,1,770,112,315,481
788,2,0,78,730,558
789,0,1097,188,183,395
789,1,414,143,321,441
789,2,773,111,314,481
789,3,0,77,417,559
790,0,1102,195,178,389
790,1,773,114,315,480
790,2,0,77,732,560
791,0,1104,199,176,386
791,1,774,174,315,421
791,2,0,77,733,560
792,0,1105,200,175,385
792,1,775,146,315,449
792,2,0,76,733,561
793,0,1101,191,179,394
793,1,415,143,318,443
793,2,775,111,316,485
793,3,0,76,418,561
794,0,1101,191,179,396
794,1,414,142,324,445
794,2,775,111,316,486
794,3,0,75,417,564
795,0,1102,191,178,397
795,1,414,142,324,446
795,2,776,110,316,487
795,3,0,75,417,555
796,0,1103,194,177,394
796,1,414,142,321,447
796,2,777,112,316,486
796,3,0,74,417,566
797,0,1108,201,172,388
797,1,778,117,316,482
797,2,0,73,736,566
798,0,1106,194,174,395
798,1,415,141,321,448
798,2,780,113,315,485
798,3,0,73,418,518
799,0,1107,191,173,398
799,1,416,141,322,449
799,2,780,110,318,489
799,3,0,72,419,570
800,0,1108,191,172,399
800,1,417,141,326,450
800,2,782,110,318,490
800,3,0,72,420,552
801,0,1110,193,170,397
801,1,419,141,322,450
801,2,784,110,317,490
801,3,0,73,420,532
802,0,1118,202,162,389
802,1,784,184,317,418
802,2,418,142,324,450
802,3,0,72,421,551
803,0,1118,202,162,390
803,1,786,177,318,425
803,2,420,143,323,450
803,3,0,72,422,537
804,0,1119,199,161,394
804,1,422,141,323,452
804,2,789,124,317,479
804,3,0,71,423,523
805,0,1123,203,157,391
805,1,423,141,324,453
805,2,790,117,319,486
805,3,0,70,425,537
806,0,1121,195,159,399
806,1,425,140,325,454
806,2,793,111,319,492
806,3,0,69,427,540
807,0,1124,193,156,402
807,1,428,140,329,454
807,2,796,110,319,493
807,3,0,68,430,555
808,0,1127,193,153,403
808,1,430,139,325,455
808,2,798,108,320,496
808,3,0,68,432,576
809,0,1129,194,151,402
809,1,432,138,325,456
809,2,800,109,320,495
809,3,0,66,434,577
810,0,1132,196,148,401
810,1,434,138,326,457
810,2,803,109,319,495
810,3,0,66,436,576
811,0,1135,196,145,402
811,1,436,137,327,458
811,2,806,109,320,496
811,3,0,65,439,577
812,0,1138,196,142,403
812,1,439,137,326,458
812,2,809,108,320,498
812,3,0,64,442,577
813,0,1142,194,138,406
813,1,443,137,332,458
813,2,812,108,320,498
813,3,0,63,445,577
814,0,1145,199,135,401
814,1,446,137,325,458
814,2,815,109,320,498
814,3,0,63,449,577
815,0,1148,199,132,402
815,1,448,137,326,459
815,2,818,109,320,499
815,3,0,63,452,577
816,0,1150,197,130,404
816,1,452,137,331,459
816,2,821,108,318,499
816,3,0,63,454,577
817,0,1153,199,127,403
817,1,454,138,324,459
817,2,823,109,318,499
817,3,0,63,457,578
818,0,1155,199,125,403
818,1,457,138,325,459
818,2,826,109,319,499
818,3,0,63,460,579
819,0,460,137,325,459
819,1,830,108,318,499
819,2,0,63,463,580
820,0,464,137,331,459
820,1,833,108,319,499
820,2,0,63,466,580
821,0,468,137,324,458
821,1,836,107,319,499
821,2,0,63,470,580
822,0,471,136,324,458
822,1,839,106,317,498
822,2,0,63,472,580
823,0,474,136,325,458
823,1,842,107,317,497
823,2,0,63,476,581
824,0,477,136,326,458
824,1,845,106,318,498
824,2,0,63,480,582
825,0,482,136,324,457
825,1,850,104,317,498
825,2,0,64,482,581
826,0,485,136,324,457
826,1,853,103,318,499
826,2,0,64,486,582
827,0,488,136,324,457
827,1,855,103,318,499
827,2,0,65,489,583
828,0,491,135,324,457
828,1,858,103,319,498
828,2,0,65,491,584
829,0,494,135,324,457
829,1,862,103,318,498
829,2,0,65,494,584
830,0,497,136,325,456
830,1,865,101,332,500
830,2,0,65,498,585
831,0,501,135,324,456
831,1,868,100,319,500
831,2,0,65,500,585
832,0,503,135,324,456
832,1,871,100,319,500
832,2,0,65,503,586
833,0,505,135,325,456
833,1,873,99,319,501
833,2,0,65,505,617
834,0,508,134,324,456
834,1,875,98,320,501
834,2,0,64,507,618
835,0,509,133,325,457
835,1,877,97,319,502
835,2,0,62,509,620
836,0,512,132,324,457
836,1,880,95,319,503
836,2,0,61,511,619
837,0,513,129,325,459
837,1,882,94,318,503
837,2,0,58,513,587
838,0,515,127,326,460
838,1,884,92,319,504
838,2,0,57,515,586
839,0,518,126,325,460
839,1,887,90,318,505
839,2,0,55,517,586
840,0,519,125,326,460
840,1,889,89,318,505
840,2,0,53,519,587
841,0,521,124,327,461
841,1,891,88,320,506
841,2,0,52,521,587
842,0,524,123,326,462
842,1,894,87,319,506
842,2,0,51,524,587
843,0,526,121,327,463
843,1,896,86,320,507
843,2,0,50,526,560
844,0,527,122,328,462
844,1,898,86,319,507
844,2,0,50,527,590
845,0,530,121,327,463
845,1,901,86,318,506
845,2,0,49,529,546
846,0,532,121,328,463
846,1,902,84,320,508
846,2,0,48,531,542
847,0,533,120,329,464
847,1,904,84,318,508
847,2,0,47,533,549
848,0,535,119,329,465
848,1,905,85,319,507
848,2,0,47,535,551
849,0,539,119,328,464
849,1,907,82,321,509
849,2,0,47,537,548
850,0,541,119,330,465
850,1,909,81,324,511
850,2,0,47,540,556
851,0,543,118,330,466
851,1,912,83,318,508
851,2,0,48,542,561
852,0,547,118,328,466
852,1,914,82,322,509
852,2,0,48,544,547
853,0,549,119,330,466
853,1,917,81,325,510
853,2,0,48,547,552
854,0,552,119,330,466
854,1,919,81,325,510
854,2,0,47,550,552
855,0,555,118,330,466
855,1,922,79,326,512
855,2,0,47,552,551
856,0,557,118,331,467
856,1,925,79,327,512
856,2,0,46,555,551
857,0,560,117,330,467
857,1,928,77,326,514
857,2,0,45,557,551
858,0,563,116,330,468
858,1,930,77,326,514
858,2,0,45,560,550
859,0,565,116,330,468
859,1,933,77,326,513
859,2,0,44,562,557
860,0,567,115,331,469
860,1,935,76,326,514
860,2,0,43,564,553
861,0,568,114,331,470
861,1,936,76,327,514
861,2,0,43,566,555
862,0,570,114,332,470
862,1,939,76,326,515
862,2,0,42,568,556
863,0,573,114,331,470
863,1,940,76,326,514
863,2,0,42,570,553
864,0,575,114,331,470
864,1,942,76,325,514
864,2,0,41,572,553
865,0,576,114,332,471
865,1,944,76,324,515
865,2,0,41,574,561
866,0,578,114,331,470
866,1,945,76,324,514
866,2,0,40,576,559
867,0,580,114,331,470
867,1,947,75,323,514
867,2,0,39,577,559
868,0,581,114,331,470
868,1,947,75,324,515
868,2,0,39,578,560
869,0,583,113,331,471
869,1,949,75,313,514
869,2,0,38,580,565
870,0,584,112,331,472
870,1,949,76,311,512
870,2,0,37,580,559
871,0,583,111,332,473
871,1,949,74,322,514
871,2,0,35,580,570
872,0,582,110,331,473
872,1,946,73,322,513
872,2,0,34,579,566
873,0,582,110,330,473
873,1,945,73,318,512
873,2,0,33,578,569
874,0,580,109,332,474
874,1,943,73,317,511
874,2,0,32,577,574
875,0,579,108,330,474
875,1,941,71,317,511
875,2,0,31,575,574
876,0,577,108,330,474
876,1,938,70,317,511
876,2,0,30,573,576
877,0,575,107,330,475
877,1,935,71,316,510
877,2,0,29,571,580
878,0,573,106,330,476
878,1,932,70,314,509
878,2,0,28,569,580
879,0,571,106,329,476
879,1,930,70,312,509
879,2,0,26,567,585
880,0,568,105,330,477
880,1,927,69,311,510
880,2,0,25,565,592
881,0,565,105,330,477
881,1,924,69,310,509
881,2,0,23,562,592
882,0,563,103,329,479
882,1,920,69,309,508
882,2,0,22,559,595
883,0,560,103,329,479
883,1,918,69,307,509
883,2,0,20,557,597
884,0,558,102,328,480
884,1,915,69,305,507
884,2,0,18,554,595
885,0,555,101,329,481
885,1,912,69,303,508
885,2,0,16,552,600
886,0,553,100,330,482
886,1,911,70,302,506
886,2,0,14,551,603
887,0,553,100,329,482
887,1,910,69,301,507
887,2,0,13,550,603
888,0,553,100,328,482
888,1,909,69,301,507
888,2,0,11,549,606
889,0,552,99,330,483
889,1,910,68,300,508
889,2,0,9,549,606
890,0,551,97,330,486
890,1,909,67,300,509
890,2,0,7,548,607
891,0,551,97,329,486
891,1,909,67,298,509
891,2,0,5,547,608
892,0,550,97,330,486
892,1,909,67,298,510
892,2,0,4,547,613
893,0,549,96,330,488
893,1,908,69,296,508
893,2,0,2,547,615
894,0,549,96,330,489
894,1,908,68,296,510
894,2,0,1,546,617
895,0,549,96,331,490
895,1,909,70,295,508
895,2,0,1,547,619
896,0,549,95,331,492
896,1,908,69,296,510
896,2,0,0,546,617
897,0,548,95,332,493
897,1,908,69,296,510
897,2,0,0,545,620
898,0,547,96,332,494
898,1,906,68,297,512
898,2,0,0,544,625
899,0,546,96,333,494
899,1,906,69,296,511
899,2,0,0,543,623
900,0,546,95,333,497
900,1,904,69,296,512
900,2,0,0,542,626
901,0,545,97,333,496
901,1,903,71,297,511
901,2,0,0,542,630
902,0,545,97,332,497
902,1,902,71,296,511
902,2,0,0,541,627
903,0,545,98,332,498
903,1,902,71,295,512
903,2,0,0,541,625
904,0,544,98,333,498
904,1,901,71,295,513
904,2,0,0,540,624
905,0,544,97,332,500
905,1,900,71,295,513
905,2,0,0,539,623
906,0,542,97,334,501
906,1,899,71,295,514
906,2,0,0,539,626
907,0,541,97,335,501
907,1,899,72,294,513
907,2,0,0,538,625
908,0,541,96,334,502
908,1,899,71,292,514
908,2,0,0,537,626
909,0,540,95,335,504
909,1,899,71,292,515
909,2,0,0,537,627
910,0,539,95,335,504
910,1,899,72,290,514
910,2,0,0,536,627
911,0,539,93,334,505
911,1,898,71,290,515
911,2,0,0,536,626
912,0,539,93,334,506
912,1,898,70,289,517
912,2,0,0,535,626
913,0,538,92,334,507
913,1,899,71,287,516
913,2,0,0,535,626
914,0,538,91,334,507
914,1,898,70,286,517
914,2,0,0,535,626
915,0,538,90,334,508
915,1,899,65,284,521
915,2,0,0,534,626
916,0,538,89,334,509
916,1,899,72,282,514
916,2,0,0,535,626
917,0,539,88,333,510
917,1,899,69,272,518
917,2,0,0,535,625
918,0,538,86,334,512
918,1,900,69,280,518
918,2,0,0,534,626
919,0,538,85,334,513
919,1,900,70,280,516
919,2,0,0,535,625
920,0,539,83,333,515
920,1,900,64,280,522
920,2,0,0,535,625
921,0,539,83,333,514
921,1,901,64,277,521
921,2,0,0,536,626
922,0,540,83,333,515
922,1,901,68,277,517
922,2,0,0,537,627
923,0,541,82,333,516
923,1,901,60,277,525
923,2,0,0,537,626
924,0,541,81,332,516
924,1,901,62,276,522
924,2,0,0,537,626
925,0,541,80,333,517
925,1,901,61,276,523
925,2,0,0,537,628
926,0,542,79,331,518
926,1,901,61,274,522
926,2,0,0,538,628
927,0,542,79,332,519
927,1,900,68,274,515
927,2,0,0,538,629
928,0,541,78,333,519
928,1,900,68,273,514
928,2,0,0,538,629
929,0,542,77,331,520
929,1,901,58,271,524
929,2,0,0,538,629
930,0,542,76,332,521
930,1,901,57,270,525
930,2,0,0,538,630
931,0,542,75,332,522
931,1,900,64,271,517
931,2,0,0,539,630
932,0,542,74,332,522
932,1,901,59,269,522
932,2,0,0,539,629
933,0,543,73,331,523
933,1,901,64,268,516
933,2,0,0,539,630
934,0,543,71,332,525
934,1,901,56,269,524
934,2,0,0,539,630
935,0,543,70,332,525
935,1,902,54,267,525
935,2,0,0,540,628
936,0,543,69,332,526
936,1,903,59,266,520
936,2,0,0,540,629
937,0,545,67,331,527
937,1,904,58,266,521
937,2,0,0,541,629
938,0,546,66,330,528
938,1,904,51,266,527
938,2,0,0,541,628
939,0,545,65,332,529
939,1,905,48,265,530
939,2,0,0,542,629
940,0,547,63,332,531
940,1,907,49,265,529
940,2,0,0,543,628
941,0,547,62,332,531
941,1,908,47,263,530
941,2,0,0,543,628
942,0,548,60,332,533
942,1,909,48,262,529
942,2,0,0,544,629
943,0,548,60,333,533
943,1,910,50,265,528
943,2,0,0,545,630
944,0,549,58,332,535
944,1,910,45,262,532
944,2,0,0,545,628
945,0,549,57,333,537
945,1,910,46,262,532
945,2,0,0,545,632
946,0,550,56,333,538
946,1,911,47,262,530
946,2,0,0,546,632
947,0,912,56,252,522
947,1,551,56,333,538
947,2,0,0,546,632
948,0,551,55,333,541
948,1,912,47,256,531
948,2,0,0,547,635
949,0,551,55,333,542
949,1,912,44,260,534
949,2,0,0,546,636
950,0,552,54,333,544
950,1,912,44,260,534
950,2,0,0,547,638
951,0,551,54,335,545
951,1,912,53,253,526
951,2,0,0,547,641
952,0,912,55,261,524
952,1,553,55,333,545
952,2,0,0,548,643
953,0,553,54,334,547
953,1,912,44,262,536
953,2,0,0,549,644
954,0,554,54,335,548
954,1,913,43,262,537
954,2,0,0,550,648
955,0,555,53,334,549
955,1,913,43,262,537
955,2,0,0,550,648
956,0,555,52,335,550
956,1,913,43,262,537
956,2,0,0,551,649
957,0,556,51,335,552
957,1,914,42,261,537
957,2,0,0,551,650
958,0,556,50,335,553
958,1,914,40,366,540
958,2,0,0,552,650
959,0,557,49,334,554
959,1,915,39,259,540
959,2,0,0,552,651
960,0,557,47,335,556
960,1,915,39,259,541
960,2,0,0,552,652
961,0,557,46,335,557
961,1,916,39,258,541
961,2,0,0,552,651
962,0,557,45,335,557
962,1,916,38,257,541
962,2,0,0,553,650
963,0,558,43,334,559
963,1,917,37,256,542
963,2,0,0,553,650
964,0,558,42,335,560
964,1,918,37,255,542
964,2,0,0,553,650
965,0,559,40,334,562
965,1,918,35,254,544
965,2,0,0,554,649
966,0,560,39,333,563
966,1,919,36,253,543
966,2,0,0,554,649
967,0,559,38,334,563
967,1,920,36,246,543
967,2,0,0,555,651
968,0,921,46,243,532
968,1,561,37,334,564
968,2,0,0,556,650
969,0,921,42,243,536
969,1,560,35,335,566
969,2,0,0,556,652
970,0,921,38,243,540
970,1,561,34,334,567
970,2,0,0,556,652
971,0,921,35,242,542
971,1,562,34,332,568
971,2,0,0,556,655
972,0,921,36,242,541
972,1,561,33,333,569
972,2,0,0,557,657
973,0,921,45,240,532
973,1,562,33,333,569
973,2,0,0,557,657
974,0,920,36,236,541
974,1,562,32,332,571
974,2,0,0,557,659
975,0,919,34,237,544
975,1,560,31,334,574
975,2,0,0,556,663
976,0,917,34,239,543
976,1,561,31,332,574
976,2,0,0,556,662
977,0,917,34,236,542
977,1,562,30,331,575
977,2,0,0,556,666
978,0,916,33,237,543
978,1,561,29,332,577
978,2,0,0,556,667
979,0,914,31,238,544
979,1,561,28,331,578
979,2,0,0,555,669
980,0,912,31,238,543
980,1,560,28,331,578
980,2,0,0,555,670
981,0,910,30,238,545
981,1,559,27,331,580
981,2,0,0,554,675
982,0,910,30,237,544
982,1,558,26,331,581
982,2,0,0,553,675
983,0,908,30,236,544
983,1,558,25,330,582
983,2,0,0,552,674
984,0,907,29,240,545
984,1,556,24,331,583
984,2,0,0,551,678
985,0,905,28,240,545
985,1,556,23,330,584
985,2,0,0,550,675
986,0,904,29,230,543
986,1,555,21,330,586
986,2,0,0,549,676
987,0,903,28,234,544
987,1,554,20,330,587
987,2,0,0,548,679
988,0,902,28,233,543
988,1,554,20,329,587
988,2,0,0,548,679
989,0,901,29,229,543
989,1,553,19,329,588
989,2,0,0,547,680
990,0,900,28,229,544
990,1,552,18,330,590
990,2,0,0,547,683
991,0,900,27,231,545
991,1,553,16,329,592
991,2,0,0,547,680
992,0,900,27,228,545
992,1,552,15,329,593
992,2,0,0,546,682
993,0,900,26,229,546
993,1,552,14,329,595
993,2,0,0,546,681
994,0,900,25,230,547
994,1,553,13,328,596
994,2,0,0,546,683
995,0,900,25,226,547
995,1,553,12,329,598
995,2,0,0,546,686
996,0,900,26,228,547
996,1,552,11,330,600
996,2,0,0,547,687
997,0,900,26,226,548
997,1,552,11,330,601
997,2,0,0,546,688
998,0,899,26,225,548
998,1,552,11,329,602
998,2,0,0,546,691
999,0,899,28,228,547
999,1,552,10,330,604
999,2,0,0,546,695
1000,0,899,26,226,549
1000,1,552,10,330,606
1000,2,0,0,545,695
1001,0,898,28,227,548
1001,1,551,10,331,607
1001,2,0,0,545,700
1002,0,897,26,229,552
1002,1,550,9,331,610
1002,2,0,0,545,703
1003,0,896,31,226,548
1003,1,550,10,330,611
1003,2,0,0,544,706
1004,0,895,30,227,551
1004,1,550,12,331,612
1004,2,0,0,544,708
1005,0,894,32,229,551
1005,1,550,13,332,614
1005,2,0,0,544,714
1006,0,894,34,228,551
1006,1,550,15,331,614
1006,2,0,0,544,717
1007,0,893,36,226,551
1007,1,551,17,330,615
1007,2,0,0,544,717
1008,0,893,40,229,550
1008,1,549,19,333,616
1008,2,0,0,544,720
1009,0,892,40,229,551
1009,1,551,20,331,617
1009,2,0,0,544,720
1010,0,893,41,228,553
1010,1,551,21,332,618
1010,2,0,0,545,720
1011,0,892,42,388,554
1011,1,550,23,333,619
1011,2,0,0,545,720
1012,0,892,45,230,553
1012,1,551,23,332,621
1012,2,0,0,545,720
1013,0,892,47,229,553
1013,1,551,25,332,622
1013,2,0,0,545,720
1014,0,892,48,230,553
1014,1,550,27,333,621
1014,2,0,0,545,720
1015,0,892,50,228,553
1015,1,552,26,331,624
1015,2,0,0,545,720
1016,0,892,52,227,553
1016,1,552,28,331,625
1016,2,0,0,545,720
1017,0,892,54,227,553
1017,1,551,29,332,625
1017,2,0,0,545,720
1018,0,891,55,227,553
1018,1,552,30,331,624
1018,2,0,0,545,720
1019,0,891,56,226,553
1019,1,552,32,330,624
1019,2,0,0,545,720
1020,0,891,58,389,552
1020,1,551,32,332,625
1020,2,0,0,546,720
1021,0,891,59,225,552
1021,1,553,32,330,626
1021,2,0,0,547,720
1022,0,892,61,225,551
1022,1,553,34,330,625
1022,2,0,0,547,720
1023,0,892,63,225,551
1023,1,554,37,330,624
1023,2,0,0,548,720
1024,0,892,63,224,551
1024,1,555,34,329,627
1024,2,0,0,549,720
1025,0,893,64,224,551
1025,1,556,35,329,628
1025,2,0,0,550,720
1026,0,893,65,387,551
1026,1,557,36,328,627
1026,2,0,0,551,720
1027,0,893,66,223,550
1027,1,558,37,327,627
1027,2,0,0,552,720
1028,0,893,67,223,551
1028,1,559,39,327,627
1028,2,0,0,553,720
1029,0,894,70,386,549
1029,1,560,42,327,625
1029,2,0,0,554,720
1030,0,893,69,222,550
1030,1,561,39,326,629
1030,2,0,0,555,720
1031,0,893,71,222,549
1031,1,561,42,325,628
1031,2,0,0,555,720
1032,0,892,74,388,547
1032,1,561,46,326,625
1032,2,0,0,556,720
1033,0,892,74,388,548
1033,1,562,44,324,628
1033,2,0,0,556,720
1034,0,891,75,220,548
1034,1,562,44,324,629
1034,2,0,0,556,720
1035,0,890,76,390,548
1035,1,562,44,324,630
1035,2,0,0,556,720
1036,0,889,77,391,548
1036,1,562,47,323,629
1036,2,0,0,556,720
1037,0,888,78,392,548
1037,1,561,46,323,632
1037,2,0,0,556,720
1038,0,887,79,393,547
1038,1,561,48,323,630
1038,2,0,0,556,720
1039,0,886,80,394,547
1039,1,562,48,321,630
1039,2,0,0,556,720
1040,0,885,81,395,546
1040,1,561,49,322,631
1040,2,0,0,556,720
1041,0,885,82,395,546
1041,1,562,50,320,630
1041,2,0,0,556,720
1042,0,884,83,396,545
1042,1,563,52,319,628
1042,2,0,0,556,720
1043,0,883,83,397,545
1043,1,562,51,320,630
1043,2,0,0,557,720
1044,0,883,83,397,545
1044,1,563,50,319,631
1044,2,0,0,557,720
1045,0,883,85,397,543
1045,1,563,53,318,629
1045,2,0,0,557,720
1046,0,882,84,398,545
1046,1,563,51,319,631
1046,2,0,0,557,720
1047,0,881,85,399,544
1047,1,563,51,318,631
1047,2,0,0,557,720
1048,0,881,84,399,544
1048,1,563,49,318,633
1048,2,0,0,557,720
1049,0,881,84,399,545
1049,1,563,49,319,634
1049,2,0,0,557,720
1050,0,881,84,399,544
1050,1,563,49,318,634
1050,2,0,0,557,720
1051,0,881,83,399,545
1051,1,564,47,317,635
1051,2,0,0,558,720
1052,0,881,83,399,546
1052,1,563,47,318,636
1052,2,0,0,557,720
1053,0,880,84,400,545
1053,1,562,47,318,636
1053,2,0,0,557,719
1054,0,880,83,400,545
1054,1,562,46,317,636
1054,2,0,0,557,719
1055,0,880,83,400,545
1055,1,562,44,317,639
1055,2,0,0,556,720
1056,0,880,83,400,545
1056,1,561,43,317,640
1056,2,0,0,556,720
1057,0,880,82,400,546
1057,1,561,42,317,640
1057,2,0,0,555,720
1058,0,880,81,400,547
1058,1,560,41,318,641
1058,2,0,0,555,720
1059,0,880,81,400,546
1059,1,560,39,317,643
1059,2,0,0,554,720
1060,0,879,80,401,547
1060,1,560,39,316,643
1060,2,0,0,554,720
1061,0,879,80,401,548
1061,1,558,38,318,644
1061,2,0,0,553,720
1062,0,879,81,401,546
1062,1,558,38,317,643
1062,2,0,0,552,714
1063,0,878,81,402,545
1063,1,557,41,317,639
1063,2,0,0,552,714
1064,0,878,79,402,547
1064,1,556,35,317,646
1064,2,0,0,551,720
1065,0,876,79,404,547
1065,1,555,36,317,644
1065,2,0,0,550,714
1066,0,875,80,405,546
1066,1,554,37,317,643
1066,2,0,0,548,714
1067,0,874,78,406,548
1067,1,552,33,317,646
1067,2,0,0,547,712
1068,0,873,77,407,547
1068,1,550,32,318,646
1068,2,0,0,545,712
1069,0,872,80,408,543
1069,1,549,36,317,640
1069,2,0,0,544,720
1070,0,870,78,410,545
1070,1,546,33,317,643
1070,2,0,0,541,720
1071,0,869,77,411,546
1071,1,544,29,317,647
1071,2,0,0,539,708
1072,0,867,79,413,543
1072,1,541,34,318,642
1072,2,0,0,537,720
1073,0,866,82,414,540
1073,1,539,33,320,642
1073,2,0,0,536,720
1074,0,866,76,414,545
1074,1,538,28,318,646
1074,2,0,0,534,704
1075,0,866,75,414,545
1075,1,538,25,318,648
1075,2,0,0,533,703
1076,0,865,75,415,545
1076,1,537,25,318,648
1076,2,0,0,532,720
1077,0,864,77,416,542
1077,1,537,30,317,642
1077,2,0,0,532,720
1078,0,862,73,418,546
1078,1,535,25,317,647
1078,2,0,0,531,701
1079,0,861,73,419,546
1079,1,533,22,318,650
1079,2,0,0,529,720
1080,0,861,73,419,546
1080,1,532,23,318,649
1080,2,0,0,528,720
1081,0,860,75,420,543
1081,1,531,29,318,642
1081,2,0,0,527,699
1082,0,859,74,421,544
1082,1,530,26,319,645
1082,2,0,0,526,720
1083,0,860,71,420,545
1083,1,530,20,319,650
1083,2,0,0,526,720
1084,0,860,71,196,545
1084,1,531,21,317,647
1084,2,0,0,526,720
1085,0,860,71,420,545
1085,1,531,20,318,648
1085,2,0,0,526,720
1086,0,859,69,421,546
1086,1,530,19,318,649
1086,2,0,0,526,720
1087,0,859,69,421,545
1087,1,531,18,317,649
1087,2,0,0,526,720
1088,0,859,69,421,546
1088,1,530,18,318,650
1088,2,0,0,525,720
1089,0,859,69,421,545
1089,1,530,19,318,648
1089,2,0,0,525,720
1090,0,858,69,422,544
1090,1,530,18,317,649
1090,2,0,0,525,720
1091,0,858,69,422,544
1091,1,529,17,318,649
1091,2,0,0,525,696
1092,0,857,68,423,545
1092,1,529,18,318,648
1092,2,0,0,525,720
1093,0,857,68,423,544
1093,1,529,17,317,649
1093,2,0,0,524,720
1094,0,856,69,424,544
1094,1,528,19,318,648
1094,2,0,0,524,696
1095,0,856,71,424,541
1095,1,528,23,319,643
1095,2,0,0,524,720
1096,0,858,67,422,545
1096,1,530,17,318,650
1096,2,0,0,525,697
1097,0,860,67,420,545
1097,1,532,16,319,650
1097,2,0,0,527,720
1098,0,861,67,419,545
1098,1,534,18,318,648
1098,2,0,0,529,697
1099,0,863,67,417,545
1099,1,536,19,318,648
1099,2,0,0,530,697
1100,0,864,68,416,545
1100,1,538,22,319,647
1100,2,0,0,532,700
1101,0,867,66,413,547
1101,1,541,18,318,650
1101,2,0,0,535,699
1102,0,868,65,412,548
1102,1,543,18,319,650
1102,2,0,0,537,701
1103,0,870,66,410,548
1103,1,545,19,319,650
1103,2,0,0,540,702
1104,0,871,66,409,548
1104,1,548,20,318,649
1104,2,0,0,541,703
1105,0,872,66,408,548
1105,1,549,21,318,649
1105,2,0,0,543,720
1106,0,873,68,407,548
1106,1,551,24,319,647
1106,2,0,0,545,705
1107,0,875,69,405,548
1107,1,553,26,319,646
1107,2,0,0,546,720
1108,0,877,67,403,550
1108,1,556,24,319,649
1108,2,0,0,549,720
1109,0,880,71,400,544
1109,1,559,30,340,641
1109,2,0,0,553,692
1110,0,882,75,398,543
1110,1,562,39,319,634
1110,2,0,0,555,709
